review_id,customer_name,review_text,date
1,Aarav Sharma,"The food was delivered piping hot and within 20 minutes, absolutely loved it!",2026-09-01
2,Priya Patel,"Very bad experience, driver was rude and overcharged for the trip.",2026-09-01
3,Rohan Verma,"Service was fine, nothing special to complain about.",2026-09-02
4,Neha Gupta,"The phone camera is stunning however the battery drains in 4 hours.",2026-09-02
5,Vikram Singh,"bhai doctor ne time pe dekha aur dawai bhi sahi di, highly satisfied!",2026-09-03
6,Ananya Roy,"ye product toh sach me kamaal ka hai, quality top notch hai.",2026-09-03
7,Rahul Nair,"bohot bura customer support, 3 din se issue pending hai.",2026-09-03
8,Sneha Kulkarni,"ok product does the job for the price.",2026-09-04
9,Amitabh Das,"I would definitely recommend this banking app to everyone, instant UPI transfer.",2026-09-04
10,Divya Iyer,"Not to complain but the broadband connection drops every evening.",2026-09-05
11,Karan Joshi,"यह उत्पाद बहुत ही बेहतरीन है, गुणवत्ता शानदार है।",2026-09-05
12,Pooja Bhatia,"chalega koi baat nhi normal product tha.",2026-09-06
13,Suresh Reddy,"What is the point of paying for fast delivery if it takes 3 days?",2026-09-06
14,Meera Sen,"Great atmosphere and friendly staff at the hotel!",2026-09-06
15,Harsh Vardhan,"Horrible packaging, items arrived broken and leaked everywhere.",2026-09-07
16,Ishita Malik,"Packaging was clean and delivery was on time.",2026-09-07
17,Gaurav Chopra,"bhai UPI payment instant hua koi dikkat nhi hui.",2026-09-08
18,Tanya Saxena,"I wish I could say something positive but the quality has really gone down.",2026-09-08
19,Kunal Mehra,"average service as expected for a budget option.",2026-09-08
20,Ritu Agarwal,"The course content was engaging but the audio quality was muffled.",2026-09-09
